game,0.011488119348091411
ultima,0.007713451562289948
underworld,0.0062364076461067655
game's,0.0045952477392365645
neurath,0.003610551795114443
player,0.0034464358044274234
dungeon,0.0022976238696182823
abyss,0.002133507878931262
avatar,0.0018052758975572215
3D,0.0018052758975572215
team,0.0016963418398533807
games,0.0014770439161831813
engine,0.0014770439161831813
doug,0.0014770439161831813
development,0.0014770439161831813
role-playing,0.0014770439161831813
tyball,0.0013129279254961612
systems,0.0013129279254961612
simulation,0.0013129279254961612
spector,0.0013129279254961612
first-person,0.0013129279254961612
origin,0.0012015754698961449
garamon,0.0011488119348091411
RPG,0.0011488119348091411
paul,0.0011488119348091411
church,0.0009895327399144721
fantasy,0.000984695944122121
baron's,0.000984695944122121
role,0.000984695944122121
rogue,0.000984695944122121
allows,0.000984695944122121
we,0.0008481709199266904
character,0.0008481709199266904
create,0.0008481709199266904
blue,0.0008205799534351008
stygian,0.0008205799534351008
texture,0.0008205799534351008
technology,0.0008205799534351008
stated,0.0008205799534351008
video,0.0008205799534351008
PC,0.0008205799534351008
sky,0.0008205799534351008
said,0.0007774900099327995
world,0.0007068090999389087
studio,0.0006564639627480806
schmidt,0.0006564639627480806
took,0.0006564639627480806
veils,0.0006564639627480806
inside,0.0006564639627480806
programming,0.0006564639627480806
slasher,0.0006564639627480806
lerner,0.0006564639627480806
weapons,0.0006564639627480806
colony,0.0006564639627480806
II,0.0006564639627480806
interface,0.0006564639627480806
goal,0.0006564639627480806
mapping,0.0006564639627480806
EA,0.0006564639627480806
demon,0.0006564639627480806
us,0.0006564639627480806
baron,0.0006564639627480806
player's,0.0006564639627480806
warren,0.0006564639627480806
studios,0.0006564639627480806
combat,0.0006564639627480806
eight,0.0006564639627480806
sequel,0.0006564639627480806
believed,0.0006361281899450177
however,0.0005654472799511269
who,0.0005654472799511269
space,0.0005654472799511269
daughter,0.0004947663699572361
use,0.0004947663699572361
glass,0.0004923479720610605
real-time,0.0004923479720610605
cited,0.0004923479720610605
things,0.0004923479720610605
effects,0.0004923479720610605
gameplay,0.0004923479720610605
uses,0.0004923479720610605
rejected,0.0004923479720610605
points,0.0004923479720610605
release,0.0004923479720610605
result,0.0004923479720610605
technological,0.0004923479720610605
magazine,0.0004923479720610605
war,0.0004923479720610605
concept,0.0004923479720610605
clicking,0.0004923479720610605
designer,0.0004923479720610605
ex,0.0004923479720610605
released,0.0004923479720610605
animation,0.0004923479720610605
cabirus,0.0004923479720610605
deus,0.0004923479720610605
icon,0.0004923479720610605
among,0.0004923479720610605
dimension,0.0004923479720610605
developers,0.0004923479720610605
lot,0.0004923479720610605
imagination,0.0004923479720610605
presentation,0.0004923479720610605
puzzles,0.0004923479720610605
perspective,0.0004923479720610605
cursor,0.0004923479720610605
company,0.0004923479720610605
influenced,0.0004923479720610605
mantras,0.0004923479720610605
remnants,0.0004923479720610605
walls,0.0004923479720610605
you've,0.0004923479720610605
underworld's,0.0004923479720610605
beginning,0.0004923479720610605
rest,0.0004923479720610605
dialogue,0.0004923479720610605
person,0.0004923479720610605
stating,0.0004923479720610605
labyrinth,0.0004923479720610605
algorithm,0.0004923479720610605
seemed,0.0004923479720610605
something,0.0004923479720610605
allow,0.0004923479720610605
worlds,0.0004923479720610605
programmer,0.0004923479720610605
lists,0.0004923479720610605
graphics,0.0004923479720610605
artifacts,0.0004923479720610605
virtual,0.0004923479720610605
ever,0.0004240854599633452
series,0.0004240854599633452
project,0.0004240854599633452
working,0.0004240854599633452
elements,0.0004240854599633452
me,0.00035340454996945434
features,0.00035340454996945434
many,0.00035340454996945434
done,0.00035340454996945434
used,0.00035340454996945434
objects,0.00035340454996945434
producer,0.00035340454996945434
computer,0.00035340454996945434
dynamic,0.0003282319813740403
wizardry,0.0003282319813740403
rescue,0.0003282319813740403
summarized,0.0003282319813740403
month,0.0003282319813740403
skills,0.0003282319813740403
PlayStation,0.0003282319813740403
ned,0.0003282319813740403
actions,0.0003282319813740403
music,0.0003282319813740403
inhabitants,0.0003282319813740403
gaming,0.0003282319813740403
third,0.0003282319813740403
green,0.0003282319813740403
ultimate,0.0003282319813740403
order,0.0003282319813740403
office,0.0003282319813740403
fit,0.0003282319813740403
better,0.0003282319813740403
volcano,0.0003282319813740403
mean,0.0003282319813740403
levels,0.0003282319813740403
floors,0.0003282319813740403
goblins,0.0003282319813740403
heights,0.0003282319813740403
master,0.0003282319813740403
company's,0.0003282319813740403
acclaim,0.0003282319813740403
enjoyed,0.0003282319813740403
pocket,0.0003282319813740403
testing,0.0003282319813740403
emergent,0.0003282319813740403
extend,0.0003282319813740403
players,0.0003282319813740403
quests,0.0003282319813740403
graphical,0.0003282319813740403
dave,0.0003282319813740403
ceilings,0.0003282319813740403
portal,0.0003282319813740403
designers,0.0003282319813740403
advanced,0.0003282319813740403
specific,0.0003282319813740403
renamed,0.0003282319813740403
attacks,0.0003282319813740403
NPCs,0.0003282319813740403
true,0.0003282319813740403
reality,0.0003282319813740403
environment,0.0003282319813740403
prevent,0.0003282319813740403
three-dimensional,0.0003282319813740403
port,0.0003282319813740403
contracted,0.0003282319813740403
virtues,0.0003282319813740403
DOS,0.0003282319813740403
entrance,0.0003282319813740403
virtue,0.0003282319813740403
allowed,0.0003282319813740403
experiments,0.0003282319813740403
hall,0.0003282319813740403
realistic,0.0003282319813740403
where,0.0003282319813740403
reveals,0.0003282319813740403
wike,0.0003282319813740403
college,0.0003282319813740403
surfaces,0.0003282319813740403
ways,0.0003282319813740403
MIT,0.0003282319813740403
prototype,0.0003282319813740403
direction,0.0003282319813740403
sound,0.0003282319813740403
fame,0.0003282319813740403
summer,0.0003282319813740403
critical,0.0003282319813740403
field,0.0003282319813740403
chris,0.0003282319813740403
building,0.0003282319813740403
caused,0.0003282319813740403
HUD,0.0003282319813740403
action,0.0003282319813740403
via,0.0003282319813740403
britannia,0.0003282319813740403
varying,0.0003282319813740403
doom,0.0003282319813740403
guards,0.0003282319813740403
share,0.0003282319813740403
developed,0.0003282319813740403
2D,0.0003282319813740403
underground,0.0003282319813740403
isle,0.0003282319813740403
base,0.0003282319813740403
thrown,0.0003282319813740403
interact,0.0003282319813740403
interactive,0.0003282319813740403
roughly,0.0003282319813740403
cave,0.0003282319813740403
extremely,0.0003282319813740403
mobile,0.0003282319813740403
art,0.0003282319813740403
simple,0.0003282319813740403
BioShock,0.0003282319813740403
spent,0.0003282319813740403
quest,0.0003282319813740403
bit,0.0003282319813740403
projects,0.0003282319813740403
continue,0.0003282319813740403
physics,0.0003282319813740403
code,0.0003282319813740403
try,0.0003282319813740403
visuals,0.0003282319813740403
runestones,0.0003282319813740403
non-linear,0.0003282319813740403
sort,0.0003282319813740403
started,0.0003282319813740403
escapes,0.0003282319813740403
instead,0.0003282319813740403
dan,0.0003282319813740403
garamon's,0.0003282319813740403
carmack,0.0003282319813740403
doing,0.0003282319813740403
CES,0.0003282319813740403
NA,0.0003282319813740403
reached,0.0003282319813740403
completed,0.0003282319813740403
govett,0.0003282319813740403
almric's,0.0003282319813740403
looked,0.0003282319813740403
creme,0.0003282319813740403
employee,0.0003282319813740403
achieve,0.0003282319813740403
cabirus's,0.0003282319813740403
genre,0.0003282319813740403
sanger,0.0003282319813740403
romero,0.0003282319813740403
finished,0.0003282319813740403
demo,0.0003282319813740403
weapon,0.0003282319813740403
sources,0.0003282319813740403
spells,0.0003282319813740403
selecting,0.0003282319813740403
actual,0.0003282319813740403
utopian,0.0003282319813740403
smooth,0.0003282319813740403
display,0.0003282319813740403
mechanics,0.0003282319813740403
ghost,0.0003282319813740403
items,0.00028272363997556345
work,0.00028272363997556345
do,0.00028272363997556345
best,0.00028272363997556345
worked,0.00028272363997556345
characters,0.00028272363997556345
left,0.00028272363997556345
level,0.00028272363997556345
looking,0.00028272363997556345
design,0.00028272363997556345
experience,0.00028272363997556345
takes,0.00028272363997556345
contains,0.00028272363997556345
story,0.00028272363997556345
him,0.00028272363997556345
look,0.00028272363997556345
room,0.0002120427299816726
eventually,0.0002120427299816726
them,0.0002120427299816726
several,0.0002120427299816726
john,0.0002120427299816726
planned,0.0002120427299816726
near,0.0002120427299816726
if,0.0002120427299816726
productions,0.0002120427299816726
down,0.0002120427299816726
according,0.0002120427299816726
you,0.0002120427299816726
massachusetts,0.0002120427299816726
help,0.0002120427299816726
creating,0.0002120427299816726
throughout,0.0002120427299816726
long,0.0002120427299816726
influence,0.0002120427299816726
include,0.0002120427299816726
light,0.0002120427299816726
awarded,0.0002120427299816726
limited,0.00016411599068702015
two-dimensional,0.00016411599068702015
comparatively,0.00016411599068702015
poorly,0.00016411599068702015
whose,0.00016411599068702015
calculate,0.00016411599068702015
lure,0.00016411599068702015
team's,0.00016411599068702015
auto-mapper,0.00016411599068702015
school,0.00016411599068702015
progression,0.00016411599068702015
companies,0.00016411599068702015
elegant,0.00016411599068702015
kidnap,0.00016411599068702015
selected,0.00016411599068702015
designing,0.00016411599068702015
crunch,0.00016411599068702015
employees,0.00016411599068702015
changed,0.00016411599068702015
magically,0.00016411599068702015
circumvent,0.00016411599068702015
plot,0.00016411599068702015
distributing,0.00016411599068702015
type,0.00016411599068702015
dungeon's,0.00016411599068702015
rights,0.00016411599068702015
concepts,0.00016411599068702015
addictive,0.00016411599068702015
give,0.00016411599068702015
david,0.00016411599068702015
travel,0.00016411599068702015
damage,0.00016411599068702015
co-wrote,0.00016411599068702015
widespread,0.00016411599068702015
ancestor,0.00016411599068702015
III,0.00016411599068702015
typed,0.00016411599068702015
movable,0.00016411599068702015
types,0.00016411599068702015
austere,0.00016411599068702015
green's,0.00016411599068702015
fictional,0.00016411599068702015
wind,0.00016411599068702015
deck,0.00016411599068702015
finland's,0.00016411599068702015
japan,0.00016411599068702015
hidden,0.00016411599068702015
inventory,0.00016411599068702015
combination,0.00016411599068702015
ZIO,0.00016411599068702015
brightness,0.00016411599068702015
filling,0.00016411599068702015
we'd,0.00016411599068702015
downplayed,0.00016411599068702015
almric,0.00016411599068702015
forth,0.00016411599068702015
inexpensive,0.00016411599068702015
onto,0.00016411599068702015
recite,0.00016411599068702015
shopper,0.00016411599068702015
electronic,0.00016411599068702015
origin's,0.00016411599068702015
ceiling,0.00016411599068702015
wisdom,0.00016411599068702015
somewhat,0.00016411599068702015
begins,0.00016411599068702015
roles,0.00016411599068702015
bridge,0.00016411599068702015
exploring,0.00016411599068702015
realm,0.00016411599068702015
change-the-world,0.00016411599068702015
immediacy,0.00016411599068702015
germany,0.00016411599068702015
phase,0.00016411599068702015
consumer,0.00016411599068702015
bait,0.00016411599068702015
contacted,0.00016411599068702015
implementation,0.00016411599068702015
unleashed,0.00016411599068702015
integrate,0.00016411599068702015
altogether,0.00016411599068702015
gears,0.00016411599068702015
reference,0.00016411599068702015
holding,0.00016411599068702015
capacity,0.00016411599068702015
approach,0.00016411599068702015
extent,0.00016411599068702015
picking,0.00016411599068702015
suggested,0.00016411599068702015
participating,0.00016411599068702015
tone,0.00016411599068702015
appeared,0.00016411599068702015
basis,0.00016411599068702015
single-player,0.00016411599068702015
transparencies,0.00016411599068702015
entered,0.00016411599068702015
duties,0.00016411599068702015
floodgate,0.00016411599068702015
sprite,0.00016411599068702015
immersive,0.00016411599068702015
arkane,0.00016411599068702015
applied,0.00016411599068702015
aural,0.00016411599068702015
anchor,0.00016411599068702015
played,0.00016411599068702015
mouse,0.00016411599068702015
id,0.00016411599068702015
suggest,0.00016411599068702015
imbued,0.00016411599068702015
complex,0.00016411599068702015
harmony,0.00016411599068702015
sidelines,0.00016411599068702015
kushner,0.00016411599068702015
VI,0.00016411599068702015
palpable,0.00016411599068702015
simulated,0.00016411599068702015
assigned,0.00016411599068702015
somerville,0.00016411599068702015
advancement,0.00016411599068702015
easy,0.00016411599068702015
prison,0.00016411599068702015
deal,0.00016411599068702015
escape,0.00016411599068702015
confusing,0.00016411599068702015
embodied,0.00016411599068702015
bottom,0.00016411599068702015
marketing,0.00016411599068702015
corn,0.00016411599068702015
burn,0.00016411599068702015
protagonist,0.00016411599068702015
graduated,0.00016411599068702015
levine,0.00016411599068702015
undocumented,0.00016411599068702015
sprites,0.00016411599068702015
automatically,0.00016411599068702015
lies,0.00016411599068702015
tribune,0.00016411599068702015
amazingly,0.00016411599068702015
support,0.00016411599068702015
editor,0.00016411599068702015
resulted,0.00016411599068702015
attempted,0.00016411599068702015
incorporation,0.00016411599068702015
reset,0.00016411599068702015
portions,0.00016411599068702015
traits,0.00016411599068702015
prows,0.00016411599068702015
flat,0.00016411599068702015
abstract,0.00016411599068702015
warring,0.00016411599068702015
exist,0.00016411599068702015
believable,0.00016411599068702015
ship,0.00016411599068702015
hand-drawn,0.00016411599068702015
ambitious,0.00016411599068702015
enemies,0.00016411599068702015
brothers,0.00016411599068702015
models,0.00016411599068702015
dies,0.00016411599068702015
died,0.00016411599068702015
longer,0.00016411599068702015
teleported,0.00016411599068702015
serious,0.00016411599068702015
reviewers,0.00016411599068702015
excellent,0.00016411599068702015
jarring,0.00016411599068702015
weakening,0.00016411599068702015
supported,0.00016411599068702015
advantage,0.00016411599068702015
minute,0.00016411599068702015
impressive,0.00016411599068702015
accidentally,0.00016411599068702015
standards,0.00016411599068702015
banishes,0.00016411599068702015
spiritual,0.00016411599068702015
bleszinski,0.00016411599068702015
PCs,0.00016411599068702015
fractious,0.00016411599068702015
groups,0.00016411599068702015
institute,0.00016411599068702015
second's,0.00016411599068702015
funded,0.00016411599068702015
neurath's,0.00016411599068702015
suggestion,0.00016411599068702015
perspectives,0.00016411599068702015
text-based,0.00016411599068702015
scenarios,0.00016411599068702015
wondering,0.00016411599068702015
virtua,0.00016411599068702015
fly,0.00016411599068702015
graphic,0.00016411599068702015
defeats,0.00016411599068702015
car,0.00016411599068702015
gathers,0.00016411599068702015
meant,0.00016411599068702015
dedicated,0.00016411599068702015
1980s,0.00016411599068702015
locks,0.00016411599068702015
gamasutra,0.00016411599068702015
occur,0.00016411599068702015
swedish,0.00016411599068702015
disliked,0.00016411599068702015
requirements,0.00016411599068702015
winter,0.00016411599068702015
tile,0.00016411599068702015
deteriorate,0.00016411599068702015
map,0.00016411599068702015
explores,0.00016411599068702015
huge,0.00016411599068702015
sacrifice,0.00016411599068702015
produce,0.00016411599068702015
date,0.00016411599068702015
guys,0.00016411599068702015
grow,0.00016411599068702015
remember,0.00016411599068702015
feature,0.00016411599068702015
pitch,0.00016411599068702015
equip,0.00016411599068702015
constituted,0.00016411599068702015
amazing,0.00016411599068702015
platform,0.00016411599068702015
offers,0.00016411599068702015
suspension,0.00016411599068702015
records,0.00016411599068702015
half,0.00016411599068702015
arrows,0.00016411599068702015
eh,0.00016411599068702015
multi-level,0.00016411599068702015
torch,0.00016411599068702015
icon-based,0.00016411599068702015
plans,0.00016411599068702015
accomplish,0.00016411599068702015
gamers,0.00016411599068702015
quite,0.00016411599068702015
inevitable,0.00016411599068702015
fast,0.00016411599068702015
carry,0.00016411599068702015
rented,0.00016411599068702015
caught,0.00016411599068702015
softworks,0.00016411599068702015
convention,0.00016411599068702015
friend,0.00016411599068702015
floppy,0.00016411599068702015
circulated,0.00016411599068702015
clicked-and-dragged,0.00016411599068702015
turned,0.00016411599068702015
posited,0.00016411599068702015
saw,0.00016411599068702015
exploratory,0.00016411599068702015
datormagazin,0.00016411599068702015
ideas,0.00016411599068702015
creatively,0.00016411599068702015
roleplaying,0.00016411599068702015
betrayal,0.00016411599068702015
palette,0.00016411599068702015
research's,0.00016411599068702015
axe,0.00016411599068702015
uninterested,0.00016411599068702015
dice,0.00016411599068702015
lauded,0.00016411599068702015
truly,0.00016411599068702015
cannot,0.00016411599068702015
mapper,0.00016411599068702015
miles,0.00016411599068702015
mapped,0.00016411599068702015
finishing,0.00016411599068702015
automapping,0.00016411599068702015
ability,0.00016411599068702015
fails,0.00016411599068702015
hybrid,0.00016411599068702015
label,0.00016411599068702015
corridors,0.00016411599068702015
mana,0.00016411599068702015
texture-mapped,0.00016411599068702015
innovations,0.00016411599068702015
virtue-imbued,0.00016411599068702015
cancel,0.00016411599068702015
combines,0.00016411599068702015
stretch,0.00016411599068702015
combined,0.00016411599068702015
peaceful,0.00016411599068702015
co-existence,0.00016411599068702015
irrelevant,0.00016411599068702015
cast,0.00016411599068702015
promising,0.00016411599068702015
blas,0.00016411599068702015
telephone,0.00016411599068702015
sleeping,0.00016411599068702015
game-playing,0.00016411599068702015
stepped,0.00016411599068702015
document,0.00016411599068702015
events,0.00016411599068702015
status,0.00016411599068702015
finish,0.00016411599068702015
non-English,0.00016411599068702015
driver,0.00016411599068702015
IV,0.00016411599068702015
magical,0.00016411599068702015
consisted,0.00016411599068702015
morrowind,0.00016411599068702015
redirects,0.00016411599068702015
wolfenstein,0.00016411599068702015
toby,0.00016411599068702015
ninth,0.00016411599068702015
3D-dungeon,0.00016411599068702015
death,0.00016411599068702015
we've,0.00016411599068702015
shrines,0.00016411599068702015
instrument,0.00016411599068702015
sucked,0.00016411599068702015
real,0.00016411599068702015
avatar's,0.00016411599068702015
aspects,0.00016411599068702015
rules,0.00016411599068702015
detract,0.00016411599068702015
furniture,0.00016411599068702015
doll,0.00016411599068702015
frees,0.00016411599068702015
recorded,0.00016411599068702015
unsuccessfully,0.00016411599068702015
assembly,0.00016411599068702015
business,0.00016411599068702015
arts,0.00016411599068702015
om,0.00016411599068702015
discussed,0.00016411599068702015
gard,0.00016411599068702015
involvement,0.00016411599068702015
determine,0.00016411599068702015
heated,0.00016411599068702015
accumulated,0.00016411599068702015
betrays,0.00016411599068702015
stealth,0.00016411599068702015
cultures,0.00016411599068702015
assumes,0.00016411599068702015
ORIGIN,0.00016411599068702015
improvising,0.00016411599068702015
pitches,0.00016411599068702015
trying,0.00016411599068702015
faster,0.00016411599068702015
detailed,0.00016411599068702015
moved,0.00016411599068702015
sales,0.00016411599068702015
watches,0.00016411599068702015
examine,0.00016411599068702015
salem,0.00016411599068702015
3-D,0.00016411599068702015
floored,0.00016411599068702015
drafty,0.00016411599068702015
gaining,0.00016411599068702015
briefly,0.00016411599068702015
CRPGs,0.00016411599068702015
deluxe,0.00016411599068702015
seals,0.00016411599068702015
founded,0.00016411599068702015
thoughtful,0.00016411599068702015
commute,0.00016411599068702015
duplicated,0.00016411599068702015
glimpse,0.00016411599068702015
spirit,0.00016411599068702015
aaron,0.00016411599068702015
buglists,0.00016411599068702015
worse,0.00016411599068702015
straightforward,0.00016411599068702015
fan,0.00016411599068702015
pelit,0.00016411599068702015
list,0.00016411599068702015
20th,0.00016411599068702015
titled,0.00016411599068702015
past,0.00016411599068702015
titles,0.00016411599068702015
opted,0.00016411599068702015
brief,0.00016411599068702015
method,0.00016411599068702015
movement,0.00016411599068702015
ranged,0.00016411599068702015
drudgery,0.00016411599068702015
strong,0.00016411599068702015
arena,0.00016411599068702015
publisher,0.00016411599068702015
2000s,0.00016411599068702015
talismans,0.00016411599068702015
teleports,0.00016411599068702015
instrumental,0.00016411599068702015
basically,0.00016411599068702015
none,0.00016411599068702015
strategies,0.00016411599068702015
IBM,0.00016411599068702015
epics,0.00016411599068702015
mainline,0.00016411599068702015
minimum,0.00016411599068702015
sense,0.00016411599068702015
lacks,0.00016411599068702015
stayed,0.00016411599068702015
occasionally,0.00016411599068702015
extinguished,0.00016411599068702015
creature,0.00016411599068702015
soundtrack,0.00016411599068702015
catalog,0.00016411599068702015
lighting,0.00016411599068702015
adventure,0.00016411599068702015
dragon,0.00016411599068702015
media,0.00016411599068702015
playing,0.00016411599068702015
that's,0.00016411599068702015
trade,0.00016411599068702015
paper,0.00016411599068702015
developer,0.00016411599068702015
inward,0.00016411599068702015
alter,0.00016411599068702015
someone,0.00016411599068702015
motivated,0.00016411599068702015
instructions,0.00016411599068702015
button,0.00016411599068702015
weight,0.00016411599068702015
rowboats,0.00016411599068702015
energy,0.00016411599068702015
inflict,0.00016411599068702015
anarchy,0.00016411599068702015
research,0.00016411599068702015
cluebook,0.00016411599068702015
occurs,0.00016411599068702015
difficulty,0.00016411599068702015
experimenting,0.00016411599068702015
members,0.00016411599068702015
prophet,0.00016411599068702015
major,0.00016411599068702015
schmidt's,0.00016411599068702015
elder,0.00016411599068702015
spiritually,0.00016411599068702015
fiction,0.00016411599068702015
paint,0.00016411599068702015
statement,0.00016411599068702015
finances,0.00016411599068702015
relationship,0.00016411599068702015
immediate,0.00016411599068702015
kind,0.00016411599068702015
inducted,0.00016411599068702015
deciding,0.00016411599068702015
alongside,0.00016411599068702015
showcased,0.00016411599068702015
depending,0.00016411599068702015
lit,0.00016411599068702015
warnings,0.00016411599068702015
programmers,0.00016411599068702015
hired,0.00016411599068702015
plan,0.00016411599068702015
services,0.00016411599068702015
alpha,0.00016411599068702015
achievement,0.00016411599068702015
popularity,0.00016411599068702015
cover,0.00016411599068702015
traditional,0.00016411599068702015
storyline,0.00016411599068702015
blend,0.00016411599068702015
gold,0.00016411599068702015
JP,0.00016411599068702015
entertainments,0.00016411599068702015
fine,0.00016411599068702015
impact,0.00016411599068702015
writer,0.00016411599068702015
well-crafted,0.00016411599068702015
discuss,0.00016411599068702015
gains,0.00016411599068702015
compiled,0.00016411599068702015
closely,0.00016411599068702015
basement,0.00016411599068702015
allston,0.00016411599068702015
frankly,0.00016411599068702015
arx,0.00016411599068702015
mantra,0.00016411599068702015
skill,0.00016411599068702015
heads-up,0.00016411599068702015
visiting,0.00016411599068702015
pictures,0.00016411599068702015
currently,0.00016411599068702015
ranked,0.00016411599068702015
invisible,0.00016411599068702015
spector's,0.00016411599068702015
folding,0.00016411599068702015
tangibly,0.00016411599068702015
focused,0.00016411599068702015
finds,0.00016411599068702015
Wolfenstein-3D,0.00016411599068702015
publishing,0.00016411599068702015
due,0.00016411599068702015
champion,0.00016411599068702015
top-down,0.00016411599068702015
else,0.00016411599068702015
races,0.00016411599068702015
towns,0.00016411599068702015
budget,0.00016411599068702015
earthquakes,0.00016411599068702015
rope,0.00016411599068702015
precursor,0.00016411599068702015
itself,0.00016411599068702015
GameSpy,0.00016411599068702015
ready,0.00016411599068702015
wherein,0.00016411599068702015
bloodlines,0.00016411599068702015
bethesda,0.00016411599068702015
jealously,0.00016411599068702015
moving,0.00016411599068702015
genuine,0.00016411599068702015
stack,0.00016411599068702015
settlements,0.00016411599068702015
re-used,0.00016411599068702015
reviewer,0.00016411599068702015
Role-Playing,0.00016411599068702015
tables,0.00016411599068702015
alternate,0.00016411599068702015
showing,0.00016411599068702015
garriott,0.00016411599068702015
enthusiastically,0.00016411599068702015
disks,0.00016411599068702015
tribes,0.00016411599068702015
creation,0.00016411599068702015
bounce,0.00016411599068702015
understood,0.00016411599068702015
sight,0.00016411599068702015
erupts,0.00016411599068702015
delivered,0.00016411599068702015
gradually,0.00016411599068702015
acquaintance,0.00016411599068702015
pre-written,0.00016411599068702015
civilization,0.00016411599068702015
slash,0.00016411599068702015
step,0.00016411599068702015
raider,0.00016411599068702015
anything,0.00016411599068702015
mouth,0.00016411599068702015
non-player,0.00016411599068702015
ACE,0.00016411599068702015
appropriate,0.00016411599068702015
rolls,0.00016411599068702015
reworked,0.00016411599068702015
heritage,0.00016411599068702015
royalties,0.00016411599068702015
collapsed,0.00016411599068702015
intuitive,0.00016411599068702015
exploration,0.00016411599068702015
CRPG,0.00016411599068702015
diverse,0.00016411599068702015
polygon,0.00016411599068702015
tentative,0.00016411599068702015
codex,0.00016411599068702015
ogres,0.00016411599068702015
nice,0.00016411599068702015
understatement,0.00016411599068702015
problems,0.00016411599068702015
fatalis,0.00016411599068702015
graphically,0.00016411599068702015
depicting,0.00016411599068702015
fighter,0.00016411599068702015
wizard,0.00016411599068702015
send,0.00016411599068702015
citing,0.00016411599068702015
wished,0.00016411599068702015
entire,0.00016411599068702015
magic,0.00016411599068702015
gender,0.00016411599068702015
shock,0.00016411599068702015
licensed,0.00016411599068702015
jump,0.00016411599068702015
uncomfortable,0.00016411599068702015
chicago,0.00016411599068702015
giving,0.00016411599068702015
assisted,0.00016411599068702015
vampire,0.00016411599068702015
cah,0.00016411599068702015
degree,0.00016411599068702015
commercial,0.00016411599068702015
let,0.00016411599068702015
IGN,0.00016411599068702015
kidnapped,0.00016411599068702015
technical,0.00016411599068702015
haunts,0.00016411599068702015
situations,0.00016411599068702015
popcorn,0.00016411599068702015
implement,0.00016411599068702015
shaded,0.00016411599068702015
Half-Life,0.00016411599068702015
apple,0.00016411599068702015
danger,0.00016411599068702015
decrease,0.00016411599068702015
composer,0.00016411599068702015
FM,0.00016411599068702015
dreams,0.00016411599068702015
inclined,0.00016411599068702015
mismatch,0.00016411599068702015
publications,0.00016411599068702015
praise,0.00016411599068702015
process,0.00016411599068702015
bartering,0.00016411599068702015
destroying,0.00016411599068702015
hampshire,0.00016411599068702015
responsibilities,0.00016411599068702015
mysteries,0.00016411599068702015
catacomb,0.00016411599068702015
software,0.00016411599068702015
evolutionary,0.00016411599068702015
produces,0.00016411599068702015
in-house,0.00016411599068702015
produced,0.00016411599068702015
la,0.00016411599068702015
willing,0.00016411599068702015
re-enter,0.00016411599068702015
docs,0.00016411599068702015
successor,0.00016411599068702015
masters,0.00016411599068702015
edit,0.00016411599068702015
mode,0.00016411599068702015
accounts,0.00016411599068702015
special,0.00016411599068702015
CEO,0.00016411599068702015
valve,0.00016411599068702015
behaviours,0.00016411599068702015
electronics,0.00016411599068702015
approached,0.00016411599068702015
interaction,0.00016411599068702015
explored,0.00016411599068702015
finest,0.00016411599068702015
powerful,0.00016411599068702015
warcraft,0.00016411599068702015
sadly,0.00016411599068702015
depressing,0.00016411599068702015
goblin,0.00016411599068702015
embody,0.00016411599068702015
false,0.00016411599068702015
studying,0.00016411599068702015
mix,0.00016411599068702015
accuracy,0.00016411599068702015
unless,0.00016411599068702015
asserts,0.00016411599068702015
abyss-dwelling,0.00016411599068702015
atmosphere,0.00016411599068702015
indoor,0.00016411599068702015
bring,0.00016411599068702015
agrees,0.00016411599068702015
promote,0.00016411599068702015
controls,0.00016411599068702015
eat,0.00016411599068702015
simulation-style,0.00016411599068702015
jab,0.00016411599068702015
regularly,0.00016411599068702015
big-picture,0.00016411599068702015
ones,0.00016411599068702015
perfection,0.00016411599068702015
areas,0.00016411599068702015
summon,0.00016411599068702015
humans,0.00016411599068702015
interacting,0.00016411599068702015
master's,0.00016411599068702015
ken,0.00016411599068702015
scrolls,0.00016411599068702015
weeks,0.00016411599068702015
freely,0.00016411599068702015
doorway,0.00016411599068702015
continuous-movement,0.00016411599068702015
otherwise,0.00016411599068702015
CD-ROM,0.00016411599068702015
quit,0.00016411599068702015
copies,0.00016411599068702015
amiga,0.00016411599068702015
slowly,0.00016411599068702015
proposal,0.00016411599068702015
angles,0.00016411599068702015
abandoned,0.00016411599068702015
value,0.00016411599068702015
chaotic,0.00016411599068702015
swinging,0.00016411599068702015
units,0.00016411599068702015
gamer,0.00016411599068702015
conflicting,0.00016411599068702015
experimented,0.00016411599068702015
effect,0.00016411599068702015
proficiency,0.00016411599068702015
robotic,0.00016411599068702015
fighting,0.00016411599068702015
sets,0.00016411599068702015
increasingly,0.00016411599068702015
novice,0.00016411599068702015
distant,0.00016411599068702015
rooms,0.00016411599068702015
advertised,0.00016411599068702015
tight,0.00016411599068702015
inter-dimensional,0.00016411599068702015
capabilities,0.00016411599068702015
unprecedented,0.00016411599068702015
fate,0.00016411599068702015
masquerade,0.00016411599068702015
frighteningly,0.00016411599068702015
chairs,0.00016411599068702015
software's,0.00016411599068702015
melee,0.00016411599068702015
disbelief,0.00016411599068702015
avoid,0.00016411599068702015
leader,0.00016411599068702015
demonstrated,0.00016411599068702015
carried,0.00016411599068702015
universe,0.00016411599068702015
US,0.00016411599068702015
tomb,0.00016411599068702015
swimming,0.00016411599068702015
artists,0.00016411599068702015
additional,0.00016411599068702015
synthesized,0.00016411599068702015
biggest,0.00016411599068702015
recruited,0.00016411599068702015
evacuate,0.00016411599068702015
tile-based,0.00016411599068702015
bug,0.00016411599068702015
signed,0.00016411599068702015
distribution,0.00016411599068702015
flight,0.00016411599068702015
shooting,0.00016411599068702015
rumors,0.00016411599068702015
incredible,0.00016411599068702015
corporation,0.00016411599068702015
book,0.00016411599068702015
cliff,0.00016411599068702015
recalled,0.00016411599068702015
explained,0.00014136181998778173
must,0.00014136181998778173
got,0.00014136181998778173
decided,0.00014136181998778173
possible,0.00014136181998778173
way,0.00014136181998778173
felt,0.00014136181998778173
praised,0.00014136181998778173
following,0.00014136181998778173
write,0.00014136181998778173
designed,0.00014136181998778173
ended,0.00014136181998778173
group,0.00014136181998778173
sounds,0.00014136181998778173
george,0.00014136181998778173
say,0.00014136181998778173
multiple,0.00014136181998778173
get,0.00014136181998778173
nearly,0.00014136181998778173
screen,0.00014136181998778173
totally,0.00014136181998778173
largely,0.00014136181998778173
amounts,0.00014136181998778173
using,0.00014136181998778173
provided,0.00014136181998778173
assumed,0.00014136181998778173
everyone,0.00014136181998778173
idea,0.00014136181998778173
introduction,0.00014136181998778173
toward,0.00014136181998778173
play,0.00014136181998778173
find,0.00014136181998778173
failed,0.00014136181998778173
became,0.00014136181998778173
whom,0.00014136181998778173
big,0.00014136181998778173
run,0.00014136181998778173
range,0.00014136181998778173
windows,0.00014136181998778173
lead,0.00014136181998778173
enjoyable,0.00014136181998778173
others,0.00014136181998778173
makes,0.00014136181998778173
composed,0.00014136181998778173
high,0.00014136181998778173
sought,0.00014136181998778173
our,0.00014136181998778173
class,0.00014136181998778173
written,0.00014136181998778173
well,0.00014136181998778173
inspiration,0.00014136181998778173
triumph,7.068090999389086e-05
here,7.068090999389086e-05
i'm,7.068090999389086e-05
award,7.068090999389086e-05
word,7.068090999389086e-05
earlier,7.068090999389086e-05
jumping,7.068090999389086e-05
reasonable,7.068090999389086e-05
forty,7.068090999389086e-05
scenes,7.068090999389086e-05
seem,7.068090999389086e-05
estimated,7.068090999389086e-05
causing,7.068090999389086e-05
though,7.068090999389086e-05
m,7.068090999389086e-05
attempts,7.068090999389086e-05
menu,7.068090999389086e-05
de,7.068090999389086e-05
asks,7.068090999389086e-05
yet,7.068090999389086e-05
board,7.068090999389086e-05
gave,7.068090999389086e-05
unique,7.068090999389086e-05
manual,7.068090999389086e-05
steps,7.068090999389086e-05
dense,7.068090999389086e-05
floor,7.068090999389086e-05
test,7.068090999389086e-05
together,7.068090999389086e-05
leave,7.068090999389086e-05
cost,7.068090999389086e-05
making,7.068090999389086e-05
figure,7.068090999389086e-05
man,7.068090999389086e-05
representation,7.068090999389086e-05
interesting,7.068090999389086e-05
living,7.068090999389086e-05
language,7.068090999389086e-05
motion,7.068090999389086e-05
thing,7.068090999389086e-05
think,7.068090999389086e-05
open,7.068090999389086e-05
given,7.068090999389086e-05
mostly,7.068090999389086e-05
sure,7.068090999389086e-05
track,7.068090999389086e-05
knew,7.068090999389086e-05
show,7.068090999389086e-05
discovered,7.068090999389086e-05
specifically,7.068090999389086e-05
title,7.068090999389086e-05
daily,7.068090999389086e-05
artist,7.068090999389086e-05
review,7.068090999389086e-05
outside,7.068090999389086e-05
middle,7.068090999389086e-05
author,7.068090999389086e-05
pay,7.068090999389086e-05
without,7.068090999389086e-05
model,7.068090999389086e-05
learning,7.068090999389086e-05
calling,7.068090999389086e-05
origins,7.068090999389086e-05
island,7.068090999389086e-05
industry,7.068090999389086e-05
complete,7.068090999389086e-05
watched,7.068090999389086e-05
causes,7.068090999389086e-05
richard,7.068090999389086e-05
followed,7.068090999389086e-05
science,7.068090999389086e-05
learn,7.068090999389086e-05
rather,7.068090999389086e-05
intended,7.068090999389086e-05
waves,7.068090999389086e-05
departure,7.068090999389086e-05
held,7.068090999389086e-05
possessions,7.068090999389086e-05
late,7.068090999389086e-05
speechless,7.068090999389086e-05
really,7.068090999389086e-05
put,7.068090999389086e-05
throws,7.068090999389086e-05
feel,7.068090999389086e-05
significant,7.068090999389086e-05
clean,7.068090999389086e-05
hit,7.068090999389086e-05
close,7.068090999389086e-05
won,7.068090999389086e-05
probably,7.068090999389086e-05
numerous,7.068090999389086e-05
sold,7.068090999389086e-05
point,7.068090999389086e-05
ruled,7.068090999389086e-05
spring,7.068090999389086e-05
describing,7.068090999389086e-05
agreement,7.068090999389086e-05
impressed,7.068090999389086e-05
himself,7.068090999389086e-05
hoped,7.068090999389086e-05
directed,7.068090999389086e-05
defined,7.068090999389086e-05
helping,7.068090999389086e-05
required,7.068090999389086e-05
notes,7.068090999389086e-05
led,7.068090999389086e-05
leaving,7.068090999389086e-05
win,7.068090999389086e-05
few,7.068090999389086e-05
themselves,7.068090999389086e-05
challenge,7.068090999389086e-05
control,7.068090999389086e-05
united,7.068090999389086e-05
greater,7.068090999389086e-05
entertainment,7.068090999389086e-05
red,7.068090999389086e-05
keep,7.068090999389086e-05
conversation,7.068090999389086e-05
able,7.068090999389086e-05
fact,7.068090999389086e-05
agreed,7.068090999389086e-05
view,7.068090999389086e-05
enhanced,7.068090999389086e-05
neither,7.068090999389086e-05
ends,7.068090999389086e-05
importance,7.068090999389086e-05
comment,7.068090999389086e-05
sequences,7.068090999389086e-05
addition,7.068090999389086e-05
choices,7.068090999389086e-05
thus,7.068090999389086e-05
surface,7.068090999389086e-05
member,7.068090999389086e-05
conceived,7.068090999389086e-05
less,7.068090999389086e-05
killed,7.068090999389086e-05
add,7.068090999389086e-05
increased,7.068090999389086e-05
increases,7.068090999389086e-05
know,7.068090999389086e-05
success,7.068090999389086e-05
stage,7.068090999389086e-05
introduced,7.068090999389086e-05
previously,7.068090999389086e-05
gain,7.068090999389086e-05
tossed,7.068090999389086e-05
placed,7.068090999389086e-05
june,7.068090999389086e-05
friends,7.068090999389086e-05
four,0.0
every,0.0
second,0.0
even,0.0
above,0.0
new,0.0
would,0.0
example,0.0
how,0.0
over,0.0
before,0.0
writing,0.0
production,0.0
they,0.0
each,0.0
little,0.0
wanted,0.0
created,0.0
another,0.0
seen,0.0
came,0.0
touches,0.0
received,0.0
against,0.0
been,0.0
much,0.0
is,0.0
it,0.0
in,0.0
make,0.0
social,0.0
the,0.0
just,0.0
had,0.0
has,0.0
people,0.0
for,0.0
fight,0.0
was,0.0
when,0.0
phone,0.0
time,0.0
going,0.0
can,0.0
months,0.0
didn't,0.0
may,0.0
such,0.0
so,0.0
not,0.0
year,0.0
after,0.0
place,0.0
first,0.0
one,0.0
that,0.0
than,0.0
future,0.0
were,0.0
and,0.0
any,0.0
take,0.0
considered,0.0
later,0.0
behind,0.0
only,0.0
regarding,0.0
between,0.0
come,0.0
s,0.0
period,0.0
couldn't,0.0
former,0.0
those,0.0
these,0.0
then,0.0
different,0.0
no,0.0
being,0.0
around,0.0
early,0.0
on,0.0
or,0.0
allowing,0.0
there,0.0
with,0.0
certain,0.0
an,0.0
at,0.0
important,0.0
original,0.0
all,0.0
to,0.0
very,0.0
large,0.0
small,0.0
what,0.0
published,0.0
two,0.0
almost,0.0
more,0.0
a,0.0
through,0.0
its,0.0
found,0.0
part,0.0
also,0.0
most,0.0
his,0.0
during,0.0
common,0.0
wrote,0.0
set,0.0
see,0.0
are,0.0
attention,0.0
both,0.0
whole,0.0
described,0.0
partly,0.0
while,0.0
march,0.0
lost,0.0
some,0.0
back,0.0
be,0.0
by,0.0
into,0.0
within,0.0
line,0.0
up,0.0
called,0.0
sometimes,0.0
far,0.0
having,0.0
noted,0.0
power,0.0
great,0.0
involved,0.0
named,0.0
from,0.0
next,0.0
this,0.0
of,0.0
six,0.0
despite,0.0
including,0.0
day,0.0
out,0.0
could,0.0
system,0.0
their,0.0
final,0.0
have,0.0
which,0.0
but,0.0
years,0.0
contain,0.0
as,0.0
will,0.0
claimed,0.0
began,0.0
i,0.0
variety,0.0
thought,0.0
other,0.0
immediately,0.0
like,0.0
because,0.0
about,0.0
he,0.0
made,0.0
